{
  "京都府京都市": [
    35.0115754,
    135.7681441
  ],
  "京都府船井郡": [
    35.2238065,
    135.390745
  ],
  "京都府南丹市": [
    35.1072823,
    135.4707092
  ],
  "長野県中野市": [
    36.7599193,
    138.3534521
  ],
  "長野県下水内郡": [
    36.902853,
    138.5512559
  ],
  "長野県上高井郡": [
    36.6675165,
    138.4297265
  ],
  "長野県上水内郡": [
    36.777395,
    138.1924587
  ],
  "長野県北安曇郡": [
    36.7630654,
    137.8637222
  ],
  "北海道樺戸郡": [
    43.5285751,
    141.7146994
  ],
  "北海道函館市": [
    41.768793,
    140.729008
  ],
  "北海道夕張郡": [
    42.983717,
    141.8115535
  ],
  "北海道十勝郡": [
    42.9131742,
    143.7091795
  ],
  "静岡県牧之原市": [
    34.7399809,
    138.224695
  ],
  "静岡県賀茂郡": [
    34.7996736,
    138.9095462
  ],
  "静岡県島田市": [
    34.8361485,
    138.1769482
  ],
  "静岡県下田市": [
    34.679545,
    138.945379
  ],
  "静岡県焼津市": [
    34.8672304,
    138.322843
  ],
  "千葉県山武郡": [
    35.484561,
    140.540184
  ],
  "千葉県長生郡": [
    35.4000235,
    140.4808679
  ],
  "千葉県香取郡": [
    35.748882,
    140.467468
  ],
  "千葉県我孫子市": [
    35.863999,
    140.0280653
  ],
  "千葉県夷隅郡": [
    35.117099,
    140.4817333
  ],
  "千葉県君津市": [
    35.3302375,
    139.902551
  ],
  "千葉県銚子市": [
    35.7345338,
    140.8272667
  ],
  "千葉県印旛郡": [
    35.837245,
    140.257113
  ],
  "千葉県八千代市": [
    35.722537,
    140.0995131
  ],
  "千葉県旭市": [
    35.7204126,
    140.6464527
  ],
  "神奈川県足柄下郡": [
    35.202251,
    139.0624079
  ],
  "神奈川県南足柄市": [
    35.3205738,
    139.0992405
  ],
  "神奈川県秦野市": [
    35.3747319,
    139.2200144
  ],
  "神奈川県小田原市": [
    35.2645301,
    139.152246
  ],
  "広島県三原市": [
    34.3974407,
    133.0785046
  ],
  "広島県竹原市": [
    34.3418377,
    132.9070476
  ],
  "新潟県三条市": [
    37.6361174,
    138.9613971
  ],
  "新潟県小千谷市": [
    37.3142715,
    138.7951327
  ],
  "新潟県新発田市": [
    37.9478881,
    139.3271831
  ],
  "新潟県十日町": [
    37.134697,
    138.7559404
  ],
  "新潟県佐渡市": [
    38.0182578,
    138.3683995
  ],
  "新潟県胎内市": [
    38.0596893,
    139.4102658
  ],
  "大分県臼杵市": [
    33.1261032,
    131.8048454
  ],
  "大分県豊後大野市": [
    32.9775643,
    131.5841178
  ],
  "大分県玖珠郡": [
    33.26874,
    131.1957737
  ],
  "大分県杵築市": [
    33.416849,
    131.6217599
  ],
  "大分県大分市": [
    33.2393864,
    131.6096524
  ],
  "大分県別府市": [
    33.2845752,
    131.4913063
  ],
  "愛媛県伊予市": [
    33.7578962,
    132.7039458
  ],
  "愛媛県松山市": [
    33.8395188,
    132.7653521
  ],
  "愛媛県八幡浜市": [
    33.4627983,
    132.4235208
  ],
  "愛媛県今治市": [
    34.0658182,
    132.9976758
  ],
  "愛媛県西条市": [
    33.9194466,
    133.1813268
  ],
  "愛媛県西予市": [
    33.3625533,
    132.5109394
  ],
  "愛媛県伊予郡": [
    33.7124348,
    132.7887453
  ],
  "鳥取県八頭郡": [
    35.4075539,
    134.3913218
  ],
  "鳥取県倉吉市": [
    35.430166,
    133.825525
  ],
  "鳥取県米子市": [
    35.4276408,
    133.331459
  ],
  "鳥取県境港市": [
    35.5391751,
    133.2318575
  ],
  "鳥取県鳥取市": [
    35.4943948,
    134.2219282
  ],
  "鳥取県東伯郡": [
    35.3870563,
    133.9029863
  ],
  "岡山県笠岡市": [
    34.5071461,
    133.5074654
  ],
  "岡山県浅口市": [
    34.5279193,
    133.5849605
  ],
  "岡山県美作市": [
    35.0261017,
    134.1597598
  ],
  "岡山県久米郡": [
    34.9528472,
    133.9698787
  ],
  "岡山県津山市": [
    35.0691284,
    134.0043355
  ],
  "岡山県加賀郡": [
    34.8559987,
    133.7575329
  ],
  "岡山県勝田郡": [
    35.1018638,
    134.1612253
  ],
  "岡山県総社市": [
    34.6728162,
    133.7466763
  ],
  "岡山県浅口郡": [
    34.5121385,
    133.5556384
  ],
  "秋田県能代市": [
    40.2118417,
    140.0271517
  ],
  "秋田県雄勝郡": [
    39.1497146,
    140.4026862
  ],
  "秋田県潟上市": [
    39.8572974,
    140.0132252
  ],
  "秋田県大館市": [
    40.2716953,
    140.5652404
  ],
  "秋田県大仙市": [
    39.4530067,
    140.4757635
  ],
  "福岡県中間市": [
    33.8164202,
    130.7090761
  ],
  "福岡県築上郡": [
    33.6183154,
    131.0497086
  ],
  "群馬県渋川市": [
    36.4894606,
    139.0001287
  ],
  "群馬県館林市": [
    36.2454338,
    139.5421576
  ],
  "群馬県みどり市": [
    36.3948024,
    139.2810931
  ],
  "群馬県安中市": [
    36.3256133,
    138.8896338
  ],
  "群馬県桐生市": [
    36.4057374,
    139.3308366
  ],
  "群馬県太田市": [
    36.2911561,
    139.3754233
  ],
  "群馬県吾妻郡": [
    36.5825515,
    138.696101
  ],
  "群馬県富岡市": [
    36.2598266,
    138.8899792
  ],
  "埼玉県比企郡": [
    36.0190417,
    139.3237624
  ],
  "埼玉県行田市": [
    36.1386052,
    139.4559001
  ],
  "埼玉県久喜市": [
    36.0617964,
    139.6671445
  ],
  "埼玉県東松山市": [
    36.0421523,
    139.399796
  ],
  "東京都西多摩郡": [
    35.782187,
    139.0670719
  ],
  "富山県富山市": [
    36.6957569,
    137.2136215
  ],
  "富山県高岡市": [
    36.7362147,
    137.0187306
  ],
  "富山県小矢部市": [
    36.6755895,
    136.8688637
  ],
  "富山県氷見市": [
    36.8645966,
    136.9704027
  ],
  "石川県珠洲市": [
    37.4363793,
    137.2606015
  ],
  "福井県坂井市": [
    36.1677146,
    136.2262832
  ],
  "福井県丹生郡": [
    35.9672514,
    136.0647159
  ],
  "福井県福井市": [
    36.061751,
    136.2260542
  ],
  "福井県大野市": [
    35.9797101,
    136.4874356
  ],
  "福井県越前市": [
    35.9034571,
    136.1689317
  ],
  "福井県あわら市": [
    36.2113858,
    136.2291611
  ],
  "山梨県韮崎市": [
    35.7089418,
    138.4461193
  ],
  "山梨県甲府市": [
    35.6652481,
    138.5710441
  ],
  "山梨県笛吹市": [
    35.6472876,
    138.6396674
  ],
  "山梨県都留市": [
    35.5516184,
    138.9054872
  ],
  "岐阜県関市": [
    35.4958031,
    136.9181482
  ],
  "岐阜県飛騨市": [
    36.2383204,
    137.1859372
  ],
  "岐阜県大垣市": [
    35.3596449,
    136.6128847
  ],
  "岐阜県可児市": [
    35.4261093,
    137.0613166
  ],
  "岐阜県安八郡": [
    35.3285658,
    136.6565011
  ],
  "岐阜県中津川市": [
    35.4876463,
    137.5005402
  ],
  "岐阜県不破郡": [
    35.3901831,
    136.4922738
  ],
  "愛知県豊川市": [
    34.827644,
    137.378586
  ],
  "愛知県田原市": [
    34.6690304,
    137.2637129
  ],
  "愛知県蒲郡": [
    34.8230154,
    137.2258754
  ],
  "愛知県犬山市": [
    35.3609734,
    136.9845491
  ],
  "三重県津市": [
    34.7341973,
    136.5153283
  ],
  "三重県鳥羽市": [
    34.4812985,
    136.8434721
  ],
  "三重県伊賀市": [
    34.7497761,
    136.1423355
  ],
  "三重県松阪市": [
    34.5779441,
    136.5276002
  ],
  "三重県桑名市": [
    35.0666099,
    136.6843004
  ],
  "三重県四日市": [
    34.9630151,
    136.6302658
  ],
  "滋賀県蒲生郡": [
    35.052192,
    136.2202452
  ],
  "滋賀県東近江市": [
    35.112415,
    136.2073154
  ],
  "滋賀県犬上郡": [
    35.2093865,
    136.3157455
  ],
  "滋賀県甲賀市": [
    34.9662392,
    136.1668719
  ],
  "滋賀県湖南市": [
    35.0042017,
    136.084728
  ],
  "大阪府泉南市": [
    34.3657277,
    135.2739742
  ],
  "大阪府豊能郡": [
    34.962346,
    135.428019
  ],
  "大阪府高石市": [
    34.5207361,
    135.4424339
  ],
  "大阪府柏原市": [
    34.578373,
    135.6291878
  ],
  "大阪府高槻市": [
    34.8464785,
    135.6172204
  ],
  "大阪府富田林市": [
    34.4998098,
    135.5972946
  ],
  "兵庫県たつの市": [
    34.8578232,
    134.5453129
  ],
  "兵庫県三木市": [
    34.796887,
    134.9901983
  ],
  "兵庫県三田市": [
    34.8899451,
    135.2252469
  ],
  "兵庫県高砂市": [
    34.7661373,
    134.7906805
  ],
  "兵庫県南あわじ市": [
    34.2945545,
    134.7798281
  ],
  "兵庫県西脇市": [
    35.0125755,
    134.996262
  ],
  "兵庫県加西市": [
    34.929109,
    134.8600505
  ],
  "兵庫県神崎郡": [
    35.056623,
    134.7818315
  ],
  "奈良県吉野郡": [
    34.1962367,
    135.8996028
  ],
  "奈良県五條市": [
    34.351939,
    135.693596
  ],
  "奈良県磯城郡": [
    34.5685065,
    135.7870658
  ],
  "奈良県宇陀市": [
    34.528225,
    135.9526888
  ],
  "奈良県北葛城郡": [
    34.5691994,
    135.7214497
  ],
  "奈良県天理市": [
    34.5965738,
    135.8373696
  ],
  "奈良県大和郡": [
    34.6499154,
    135.7796166
  ],
  "和歌山県伊都郡": [
    34.2149851,
    135.5584078
  ],
  "和歌山県有田郡": [
    34.0427875,
    135.3305054
  ],
  "和歌山県紀の川市": [
    34.2697102,
    135.3636692
  ],
  "和歌山県和歌山市": [
    34.2342931,
    135.1783549
  ],
  "島根県仁多郡": [
    35.1484798,
    133.0572519
  ],
  "島根県雲南市": [
    35.2880963,
    132.9001494
  ],
  "島根県松江市": [
    35.468115,
    133.048768
  ],
  "島根県隠岐郡": [
    36.2073159,
    133.220607
  ],
  "山口県柳井市": [
    33.9640825,
    132.101193
  ],
  "山口県熊毛郡": [
    33.9090551,
    132.0841641
  ],
  "山口県防府市": [
    34.0517226,
    131.5629141
  ],
  "山口県美祢市": [
    34.1667992,
    131.2062283
  ],